Model Name,training_time (s),training_cpu_load_used (%),training_ram_used (GB),training_gpu_load_used (%),training_gpu_ram_used (GB),testing_time (s),testing_cpu_load_used (%),testing_ram_used (GB),testing_gpu_load_used (%),testing_gpu_ram_used (GB),mse,accuracy,precision,recall,f1
PyTorchNN_20240421_213740,53.51586842536926,48.4,0.005401611328125,0.0,0.0,0.02087545394897461,None,0.02111053466796875,None,None,1.250415512465374,0.6013850415512465,0.5925518464641313,0.6013850415512465,0.5958790368016716
PyTorchNN_20240608_094434,37.55702352523804,60.9,0.0057525634765625,0.0,0.0,0.13122129440307617,None,0.021175384521484375,None,None,1.250415512465374,0.6013850415512465,0.5925518464641313,0.6013850415512465,0.5958790368016716
PyTorchNN_20240608_100257,47.218076944351196,60.9,0.005672454833984375,0.0,0.0,0.12843108177185059,None,0.0211639404296875,None,None,1.262326869806094,0.5961218836565096,0.5972291891328958,0.5961218836565096,0.5966385313566914
PyTorchNN_20240608_100621,44.51141548156738,60.9,0.005672454833984375,0.0,0.0,0.008583307266235352,None,0.021175384521484375,None,None,1.262326869806094,0.5961218836565096,0.5972291891328958,0.5961218836565096,0.5966385313566914
PyTorchNN_20240608_101542,39.916812896728516,60.9,0.00572967529296875,0.0,0.0,0.008600473403930664,None,0.021190643310546875,None,None,1.262326869806094,0.5961218836565096,0.5972291891328958,0.5961218836565096,0.5966385313566914
