Model Name,training_time (s),training_ram_used (GB),training_cpu_used (%),testing_time (s),testing_ram_used (GB),testing_cpu_used (%),mse,accuracy,precision,recall,f1
KerasNN_20240415_022839,32.78961133956909,0.063385009765625,0.0,1.0843777656555176,0.001636505126953125,0.0,1.2903047091412743,0.5880886426592797,0.5890060436985681,0.5880886426592797,0.5877676505418201
