Model Name,training_time (s),training_cpu_load_used (%),training_ram_used (GB),training_gpu_load_used (%),training_gpu_ram_used (GB),testing_time (s),testing_cpu_load_used (%),testing_ram_used (GB),testing_gpu_load_used (%),testing_gpu_ram_used (GB),mse,accuracy,precision,recall,f1
KerasNN_20240421_211525,14.99309229850769,0.0,0.060001373291015625,0.0,0.0,0.5085155963897705,0.0,0.001491546630859375,0.0,0.0,1.2903047091412743,0.5880886426592797,0.5890060436985681,0.5880886426592797,0.5877676505418201
KerasNN_20240421_212459,18.7650465965271,0.0,0.0603179931640625,0.0,0.0,0.6028883457183838,0.0,0.00147247314453125,0.0,0.0,1.2903047091412743,0.5880886426592797,0.5890060436985681,0.5880886426592797,0.5877676505418201
KerasNN_20240421_212945,19.971451997756958,0.0,0.0603485107421875,0.0,0.0,0.8023457527160645,0.0,0.001956939697265625,0.0,0.0,1.2903047091412743,0.5880886426592797,0.5890060436985681,0.5880886426592797,0.5877676505418201
KerasNN_20240608_092220,20.391711950302124,0.0,0.0617828369140625,0.0,0.0,0.7519197463989258,0.0,0.001529693603515625,0.0,0.0,1.2903047091412743,0.5880886426592797,0.5890060436985681,0.5880886426592797,0.5877676505418201
KerasNN_20240608_092829,16.56558084487915,0.0,0.061153411865234375,0.0,0.0,0.7177557945251465,0.0,0.00304412841796875,0.0,0.0,1.2903047091412743,0.5880886426592797,0.5890060436985681,0.5880886426592797,0.5877676505418201
KerasNN_20240608_101652,15.689259052276611,0.0,0.0605621337890625,0.0,0.0,0.5170300006866455,0.0,0.00257110595703125,0.0,0.0,1.2903047091412743,0.5880886426592797,0.5890060436985681,0.5880886426592797,0.5877676505418201
